{"VISABLE_COL_ExtTextColumn.org.jdownloader.gui.views.components.packagetable.columns.FileTypeColumn":false,"VISABLE_COL_ExtColumn.org.jdownloader.gui.views.downloads.columns.HosterColumn":true,"WIDTH_COL_ExtTextColumn.org.jdownloader.gui.views.downloads.columns.ETAColumn":80,"VISABLE_COL_ExtTextColumn.org.jdownloader.gui.views.linkgrabber.columns.PartColumn":false,"WIDTH_COL_ExtIconColumn.org.jdownloader.gui.views.components.packagetable.columns.HasCaptchaColumn":22,"SORT_ORDER_ID":null,"WIDTH_COL_ExtDateColumn.org.jdownloader.gui.views.downloads.columns.ModifiedDateColumn":95,"WIDTH_COL_ExtTextColumn.org.jdownloader.gui.views.downloads.columns.SpeedColumn":130,"VISABLE_COL_ExtTextColumn.org.jdownloader.gui.views.downloads.columns.CandidateGatewayColumn":false,"VISABLE_COL_ExtTextColumn.org.jdownloader.gui.views.components.packagetable.columns.DownloadPasswordColumn":false,"ColumnWidthLocked_ExtTextColumn.org.jdownloader.gui.views.downloads.columns.FileColumn":false,"VISABLE_COL_ExtFileSizeColumn.org.jdownloader.gui.views.downloads.columns.RemainingColumn":false,"WIDTH_COL_ExtTextColumn.org.jdownloader.gui.views.downloads.columns.DownloadFolderColumn":192,"SORTCOLUMN":null,"WIDTH_COL_ExtTextColumn.org.jdownloader.gui.views.components.packagetable.columns.DownloadPasswordColumn":100,"VISABLE_COL_ExtFileSizeColumn.org.jdownloader.gui.views.downloads.columns.LoadedColumn":true,"VISABLE_COL_ExtTextColumn.org.jdownloader.gui.views.components.packagetable.columns.ChecksumColumn":false,"WIDTH_COL_ExtTextColumn.org.jdownloader.gui.views.downloads.columns.StopSignColumn":30,"VISABLE_COL_ExtTextColumn.org.jdownloader.gui.views.downloads.columns.TaskColumn":true,"WIDTH_COL_ExtTextColumn.org.jdownloader.gui.views.downloads.columns.IndexColumn":22,"WIDTH_COL_ExtFileSizeColumn.org.jdownloader.gui.views.downloads.columns.LoadedColumn":90,"POS_COL_0":"","POS_COL_1":"","VISABLE_COL_ExtTextColumn.org.jdownloader.gui.views.linkgrabber.columns.UrlColumn":false,"POS_COL_8":"","POS_COL_9":"","VISABLE_COL_ExtIconColumn.org.jdownloader.gui.views.downloads.columns.EnabledDisabledColumn":false,"VISABLE_COL_ExtProgressColumn.org.jdownloader.gui.views.downloads.columns.ProgressColumn":true,"POS_COL_6":"","POS_COL_7":"","POS_COL_4":"","WIDTH_COL_ExtTextAreaColumn.org.jdownloader.gui.views.components.packagetable.columns.CommentColumn":191,"POS_COL_5":"","POS_COL_2":"","POS_COL_3":"","VISABLE_COL_ExtColumn.org.jdownloader.gui.views.downloads.columns.FileSizeColumn":false,"WIDTH_COL_ExtColumn.org.jdownloader.gui.views.downloads.columns.FileCountColumn":70,"POS_COL_30":"","VISABLE_COL_ExtTextColumn.org.jdownloader.gui.views.downloads.columns.CandidateAccountColumn":false,"WIDTH_COL_ExtTextColumn.org.jdownloader.gui.views.components.packagetable.columns.FileTypeColumn":100,"WIDTH_COL_ExtTextColumn.org.jdownloader.gui.views.downloads.columns.CandidateAccountColumn":200,"VISABLE_COL_ExtDateColumn.org.jdownloader.gui.views.downloads.columns.AddedDateColumn":false,"WIDTH_COL_ExtTextColumn.org.jdownloader.gui.views.downloads.columns.TaskColumn":191,"WIDTH_COL_ExtTextColumn.org.jdownloader.gui.views.linkgrabber.columns.UrlColumn":100,"VISABLE_COL_ExtColumn.org.jdownloader.gui.views.downloads.columns.FileCountColumn":false,"WIDTH_COL_ExtFileSizeColumn.org.jdownloader.gui.views.downloads.columns.RemainingColumn":90,"ColumnWidthLocked_ExtColumn.org.jdownloader.gui.views.downloads.columns.HosterColumn":true,"VISABLE_COL_ExtTextColumn.org.jdownloader.gui.views.downloads.columns.FileColumn":true,"VISABLE_COL_ExtTextColumn.org.jdownloader.gui.views.downloads.columns.StopSignColumn":false,"VISABLE_COL_ExtTextColumn.org.jdownloader.gui.views.downloads.columns.IndexColumn":false,"WIDTH_COL_ExtTextColumn.org.jdownloader.gui.views.downloads.columns.FileColumn":192,"POS_COL_18":"","WIDTH_COL_ExtColumn.org.jdownloader.gui.views.downloads.columns.FileSizeColumn":70,"POS_COL_17":"","VISABLE_COL_ExtDateColumn.org.jdownloader.gui.views.downloads.columns.FinishedDateColumn":false,"POS_COL_19":"","WIDTH_COL_ExtColumn.org.jdownloader.gui.views.downloads.columns.SizeColumn":90,"ColumnWidthLocked_ExtTextColumn.org.jdownloader.gui.views.downloads.columns.SpeedColumn":true,"VISABLE_COL_ExtDateColumn.org.jdownloader.gui.views.downloads.columns.ModifiedDateColumn":false,"VISABLE_COL_ExtComboColumn.org.jdownloader.gui.views.downloads.columns.PriorityColumn":false,"WIDTH_COL_ExtIconColumn.org.jdownloader.gui.views.downloads.columns.EnabledDisabledColumn":22,"WIDTH_COL_ExtComboColumn.org.jdownloader.gui.views.downloads.columns.PriorityColumn":35,"POS_COL_14":"","WIDTH_COL_ExtColumn.org.jdownloader.gui.views.downloads.columns.HosterColumn":83,"VISABLE_COL_ExtTextColumn.org.jdownloader.gui.views.downloads.columns.ETAColumn":true,"POS_COL_13":"","POS_COL_16":"","VISABLE_COL_ExtColumn.org.jdownloader.gui.views.downloads.columns.SizeColumn":true,"POS_COL_15":"","POS_COL_10":"","POS_COL_12":"","POS_COL_11":"","POS_COL_29":"","VISABLE_COL_ExtIconColumn.org.jdownloader.gui.views.components.packagetable.columns.HasCaptchaColumn":false,"POS_COL_28":"","WIDTH_COL_ExtTextColumn.org.jdownloader.gui.views.downloads.columns.CandidateGatewayColumn":200,"ColumnWidthLocked_ExtTextColumn.org.jdownloader.gui.views.downloads.columns.ETAColumn":true,"WIDTH_COL_ExtProgressColumn.org.jdownloader.gui.views.downloads.columns.ProgressColumn":197,"VISABLE_COL_ExtTextAreaColumn.org.jdownloader.gui.views.components.packagetable.columns.CommentColumn":true,"ColumnWidthLocked_ExtProgressColumn.org.jdownloader.gui.views.downloads.columns.ProgressColumn":false,"WIDTH_COL_ExtTextColumn.org.jdownloader.gui.views.linkgrabber.columns.PartColumn":75,"POS_COL_25":"","ColumnWidthLocked_ExtColumn.org.jdownloader.gui.views.downloads.columns.SizeColumn":true,"POS_COL_24":"","POS_COL_27":"","ColumnWidthLocked_ExtTextAreaColumn.org.jdownloader.gui.views.components.packagetable.columns.CommentColumn":false,"POS_COL_26":"","POS_COL_21":"","POS_COL_20":"","POS_COL_23":"","POS_COL_22":"","ColumnWidthLocked_ExtTextColumn.org.jdownloader.gui.views.downloads.columns.TaskColumn":false,"VISABLE_COL_ExtColumn.org.jdownloader.gui.views.downloads.columns.ConnectionColumn":true,"WIDTH_COL_ExtTextColumn.org.jdownloader.gui.views.downloads.columns.AvailabilityColumn":100,"VISABLE_COL_ExtTextColumn.org.jdownloader.gui.views.downloads.columns.AvailabilityColumn":false,"ColumnWidthLocked_ExtTextColumn.org.jdownloader.gui.views.downloads.columns.DownloadFolderColumn":false,"VISABLE_COL_ExtTextColumn.org.jdownloader.gui.views.downloads.columns.DurationColumn":false,"ColumnWidthLocked_ExtFileSizeColumn.org.jdownloader.gui.views.downloads.columns.LoadedColumn":true,"ColumnWidthLocked_ExtColumn.org.jdownloader.gui.views.downloads.columns.ConnectionColumn":true,"WIDTH_COL_ExtTextColumn.org.jdownloader.gui.views.components.packagetable.columns.ChecksumColumn":100,"WIDTH_COL_ExtColumn.org.jdownloader.gui.views.downloads.columns.ConnectionColumn":128,"WIDTH_COL_ExtDateColumn.org.jdownloader.gui.views.downloads.columns.AddedDateColumn":95,"VISABLE_COL_ExtTextColumn.org.jdownloader.gui.views.downloads.columns.DownloadFolderColumn":true,"WIDTH_COL_ExtDateColumn.org.jdownloader.gui.views.downloads.columns.FinishedDateColumn":95,"WIDTH_COL_ExtTextColumn.org.jdownloader.gui.views.downloads.columns.DurationColumn":75,"VISABLE_COL_ExtTextColumn.org.jdownloader.gui.views.downloads.columns.SpeedColumn":true}