{"VISABLE_COL_ExtTextColumn.jd.gui.swing.jdgui.views.settings.panels.basicauthentication.AuthTableModel$5":true,"VISABLE_COL_ExtTextColumn.jd.gui.swing.jdgui.views.settings.panels.basicauthentication.AuthTableModel$4":false,"VISABLE_COL_ExtTextColumn.jd.gui.swing.jdgui.views.settings.panels.basicauthentication.AuthTableModel$3":true,"VISABLE_COL_ExtPasswordEditorColumn.jd.gui.swing.jdgui.views.settings.panels.basicauthentication.AuthTableModel$6":true,"VISABLE_COL_ExtCheckColumn.jd.gui.swing.jdgui.views.settings.panels.basicauthentication.AuthTableModel$7":true,"SORT_ORDER_ID":null,"VISABLE_COL_ExtCheckColumn.jd.gui.swing.jdgui.views.settings.panels.basicauthentication.AuthTableModel$1":true,"POS_COL_0":"","POS_COL_1":"","WIDTH_COL_ExtPasswordEditorColumn.jd.gui.swing.jdgui.views.settings.panels.basicauthentication.AuthTableModel$6":110,"WIDTH_COL_ExtCheckColumn.jd.gui.swing.jdgui.views.settings.panels.basicauthentication.AuthTableModel$1":100,"WIDTH_COL_ExtComboColumn.jd.gui.swing.jdgui.views.settings.panels.basicauthentication.AuthTableModel$2":60,"POS_COL_6":"","WIDTH_COL_ExtTextColumn.jd.gui.swing.jdgui.views.settings.panels.basicauthentication.AuthTableModel$3":100,"WIDTH_COL_ExtCheckColumn.jd.gui.swing.jdgui.views.settings.panels.basicauthentication.AuthTableModel$7":100,"POS_COL_4":"","WIDTH_COL_ExtTextColumn.jd.gui.swing.jdgui.views.settings.panels.basicauthentication.AuthTableModel$4":100,"POS_COL_5":"","VISABLE_COL_ExtComboColumn.jd.gui.swing.jdgui.views.settings.panels.basicauthentication.AuthTableModel$2":true,"WIDTH_COL_ExtTextColumn.jd.gui.swing.jdgui.views.settings.panels.basicauthentication.AuthTableModel$5":100,"POS_COL_2":"","SORTCOLUMN":"ExtCheckColumn.jd.gui.swing.jdgui.views.settings.panels.basicauthentication.AuthTableModel$1","POS_COL_3":""}