{"SORT_ORDER_ID":null,"WIDTH_COL_ExtTextColumn.jd.gui.swing.jdgui.views.settings.panels.advanced.AdvancedConfigTableModel$2":200,"WIDTH_COL_ExtTextColumn.jd.gui.swing.jdgui.views.settings.panels.advanced.AdvancedConfigTableModel$1":200,"VISABLE_COL_ExtCompoundColumn.jd.gui.swing.jdgui.views.settings.panels.advanced.AdvancedValueColumn":true,"WIDTH_COL_ExtTextColumn.jd.gui.swing.jdgui.views.settings.panels.advanced.AdvancedConfigTableModel$3":100,"VISABLE_COL_ExtTextColumn.jd.gui.swing.jdgui.views.settings.panels.advanced.AdvancedConfigTableModel$1":true,"ColumnWidthLocked_ExtTextColumn.jd.gui.swing.jdgui.views.settings.panels.advanced.AdvancedConfigTableModel$2":false,"VISABLE_COL_ExtTextColumn.jd.gui.swing.jdgui.views.settings.panels.advanced.AdvancedConfigTableModel$2":true,"WIDTH_COL_ExtCompoundColumn.jd.gui.swing.jdgui.views.settings.panels.advanced.AdvancedValueColumn":100,"VISABLE_COL_ExtTextColumn.jd.gui.swing.jdgui.views.settings.panels.advanced.AdvancedConfigTableModel$3":false,"POS_COL_0":"","POS_COL_1":"","ColumnWidthLocked_ExtTextColumn.jd.gui.swing.jdgui.views.settings.panels.advanced.AdvancedConfigTableModel$1":false,"ColumnWidthLocked_ExtCompoundColumn.jd.gui.swing.jdgui.views.settings.panels.advanced.AdvancedValueColumn":false,"ColumnWidthLocked_EditColumn.jd.gui.swing.jdgui.views.settings.panels.advanced.AdvancedConfigTableModel$4":false,"VISABLE_COL_EditColumn.jd.gui.swing.jdgui.views.settings.panels.advanced.AdvancedConfigTableModel$4":true,"POS_COL_4":"","POS_COL_2":"","SORTCOLUMN":"ExtTextColumn.jd.gui.swing.jdgui.views.settings.panels.advanced.AdvancedConfigTableModel$1","WIDTH_COL_EditColumn.jd.gui.swing.jdgui.views.settings.panels.advanced.AdvancedConfigTableModel$4":100,"POS_COL_3":""}