{"VISABLE_COL_ExtTextColumn.jd.gui.swing.jdgui.views.settings.panels.accountmanager.PremiumAccountTableModel$5":true,"VISABLE_COL_ExtTextColumn.jd.gui.swing.jdgui.views.settings.panels.accountmanager.PremiumAccountTableModel$4":true,"WIDTH_COL_ExtDateColumn.jd.gui.swing.jdgui.views.settings.panels.accountmanager.PremiumAccountTableModel$ExpireColumn":120,"SORT_ORDER_ID":null,"VISABLE_COL_ExtTextColumn.jd.gui.swing.jdgui.views.settings.panels.accountmanager.PremiumAccountTableModel$9":true,"VISABLE_COL_ExtPasswordEditorColumn.jd.gui.swing.jdgui.views.settings.panels.accountmanager.PremiumAccountTableModel$6":true,"VISABLE_COL_ExtDateColumn.jd.gui.swing.jdgui.views.settings.panels.accountmanager.PremiumAccountTableModel$ExpireColumn":true,"VISABLE_COL_ExtCheckColumn.jd.gui.swing.jdgui.views.settings.panels.accountmanager.PremiumAccountTableModel$7":true,"WIDTH_COL_ExtPasswordEditorColumn.jd.gui.swing.jdgui.views.settings.panels.accountmanager.PremiumAccountTableModel$6":110,"WIDTH_COL_ExtCheckColumn.jd.gui.swing.jdgui.views.settings.panels.accountmanager.PremiumAccountTableModel$7":100,"WIDTH_COL_ExtComponentColumn.jd.gui.swing.jdgui.views.settings.panels.accountmanager.PremiumAccountTableModel$8":100,"VISABLE_COL_ExtComponentColumn.jd.gui.swing.jdgui.views.settings.panels.accountmanager.PremiumAccountTableModel$8":true,"SORTCOLUMN":"ExtCheckColumn.jd.gui.swing.jdgui.views.settings.panels.accountmanager.PremiumAccountTableModel$7","WIDTH_COL_ExtProgressColumn.jd.gui.swing.jdgui.views.settings.panels.accountmanager.PremiumAccountTableModel$TrafficColumn":100,"WIDTH_COL_ExtTextColumn.jd.gui.swing.jdgui.views.settings.panels.accountmanager.PremiumAccountTableModel$4":80,"WIDTH_COL_ExtTextColumn.jd.gui.swing.jdgui.views.settings.panels.accountmanager.PremiumAccountTableModel$5":160,"WIDTH_COL_ExtTextColumn.jd.gui.swing.jdgui.views.settings.panels.accountmanager.PremiumAccountTableModel$9":120,"POS_COL_0":"","POS_COL_1":"","POS_COL_6":"","POS_COL_7":"","POS_COL_4":"","VISABLE_COL_ExtProgressColumn.jd.gui.swing.jdgui.views.settings.panels.accountmanager.PremiumAccountTableModel$TrafficColumn":true,"POS_COL_5":"","POS_COL_2":"","POS_COL_3":""}