{"POS_COL_0":"","WIDTH_COL_ExtTextColumn.jd.gui.swing.jdgui.views.settings.panels.accountmanager.orderpanel.HosterRuleTableModel$2":100,"POS_COL_1":"","WIDTH_COL_ExtCheckColumn.jd.gui.swing.jdgui.views.settings.panels.accountmanager.orderpanel.HosterRuleTableModel$1":100,"SORT_ORDER_ID":null,"VISABLE_COL_ExtCheckColumn.jd.gui.swing.jdgui.views.settings.panels.accountmanager.orderpanel.HosterRuleTableModel$1":true,"VISABLE_COL_ExtComponentColumn.jd.gui.swing.jdgui.views.settings.panels.accountmanager.orderpanel.HosterRuleTableModel$3":true,"WIDTH_COL_ExtComponentColumn.jd.gui.swing.jdgui.views.settings.panels.accountmanager.orderpanel.HosterRuleTableModel$3":53,"POS_COL_2":"","SORTCOLUMN":"ExtCheckColumn.jd.gui.swing.jdgui.views.settings.panels.accountmanager.orderpanel.HosterRuleTableModel$1","VISABLE_COL_ExtTextColumn.jd.gui.swing.jdgui.views.settings.panels.accountmanager.orderpanel.HosterRuleTableModel$2":true}