{"VISABLE_COL_ExtCheckColumn.jd.gui.swing.jdgui.views.settings.panels.packagizer.FilterTableModel$2":true,"SORT_ORDER_ID":null,"WIDTH_COL_ExtCheckColumn.jd.gui.swing.jdgui.views.settings.panels.packagizer.FilterTableModel$2":100,"POS_COL_0":"","WIDTH_COL_ExtTextColumn.jd.gui.swing.jdgui.views.settings.panels.packagizer.FilterTableModel$3":100,"POS_COL_1":"","WIDTH_COL_ExtTextColumn.jd.gui.swing.jdgui.views.settings.panels.packagizer.FilterTableModel$4":100,"VISABLE_COL_ExtComponentColumn.jd.gui.swing.jdgui.views.settings.panels.packagizer.OrderColumn":true,"VISABLE_COL_ExtTextColumn.jd.gui.swing.jdgui.views.settings.panels.packagizer.FilterTableModel$4":true,"VISABLE_COL_ExtTextColumn.jd.gui.swing.jdgui.views.settings.panels.packagizer.FilterTableModel$3":true,"POS_COL_2":"","SORTCOLUMN":null,"WIDTH_COL_ExtComponentColumn.jd.gui.swing.jdgui.views.settings.panels.packagizer.OrderColumn":60,"POS_COL_3":""}