{"POS_COL_0":"","POS_COL_1":"","WIDTH_COL_ExtCheckColumn.jd.gui.swing.jdgui.views.settings.panels.linkgrabberfilter.ExceptionsTableModel$1":100,"VISABLE_COL_ExtTextColumn.jd.gui.swing.jdgui.views.settings.panels.linkgrabberfilter.ExceptionsTableModel$3":true,"VISABLE_COL_ExtTextColumn.jd.gui.swing.jdgui.views.settings.panels.linkgrabberfilter.ExceptionsTableModel$2":true,"VISABLE_COL_ExtCheckColumn.jd.gui.swing.jdgui.views.settings.panels.linkgrabberfilter.ExceptionsTableModel$1":true,"WIDTH_COL_ExtTextColumn.jd.gui.swing.jdgui.views.settings.panels.linkgrabberfilter.ExceptionsTableModel$2":100,"WIDTH_COL_ExtTextColumn.jd.gui.swing.jdgui.views.settings.panels.linkgrabberfilter.ExceptionsTableModel$3":100,"SORT_ORDER_ID":null,"POS_COL_2":"","SORTCOLUMN":"ExtCheckColumn.jd.gui.swing.jdgui.views.settings.panels.linkgrabberfilter.ExceptionsTableModel$1"}