{"POS_COL_0":"","POS_COL_1":"","VISABLE_COL_ExtTextColumn.jd.gui.swing.jdgui.views.settings.panels.linkgrabberfilter.FilterTableModel$3":true,"VISABLE_COL_ExtTextColumn.jd.gui.swing.jdgui.views.settings.panels.linkgrabberfilter.FilterTableModel$2":true,"WIDTH_COL_ExtTextColumn.jd.gui.swing.jdgui.views.settings.panels.linkgrabberfilter.FilterTableModel$3":100,"WIDTH_COL_ExtTextColumn.jd.gui.swing.jdgui.views.settings.panels.linkgrabberfilter.FilterTableModel$2":100,"SORT_ORDER_ID":null,"WIDTH_COL_ExtCheckColumn.jd.gui.swing.jdgui.views.settings.panels.linkgrabberfilter.FilterTableModel$1":100,"VISABLE_COL_ExtCheckColumn.jd.gui.swing.jdgui.views.settings.panels.linkgrabberfilter.FilterTableModel$1":true,"POS_COL_2":"","SORTCOLUMN":"ExtCheckColumn.jd.gui.swing.jdgui.views.settings.panels.linkgrabberfilter.FilterTableModel$1"}