{"ColumnWidthLocked_ExtCheckColumn.org.jdownloader.gui.views.linkgrabber.quickfilter.FilterTableModel$4":false,"SORT_ORDER_ID":null,"ColumnWidthLocked_ExtTextColumn.org.jdownloader.gui.views.linkgrabber.quickfilter.FilterTableModel$3":false,"ColumnWidthLocked_ExtTextColumn.org.jdownloader.gui.views.linkgrabber.quickfilter.FilterTableModel$1":false,"VISABLE_COL_ExtTextColumn.org.jdownloader.gui.views.linkgrabber.quickfilter.FilterTableModel$3":true,"VISABLE_COL_ExtCheckColumn.org.jdownloader.gui.views.linkgrabber.quickfilter.FilterTableModel$4":true,"POS_COL_0":"","WIDTH_COL_ExtCheckColumn.org.jdownloader.gui.views.linkgrabber.quickfilter.FilterTableModel$4":30,"POS_COL_1":"","VISABLE_COL_ExtTextColumn.org.jdownloader.gui.views.linkgrabber.quickfilter.FilterTableModel$1":true,"ColumnWidthLocked_ExtLongColumn.org.jdownloader.gui.views.linkgrabber.quickfilter.FilterTableModel$2":false,"WIDTH_COL_ExtTextColumn.org.jdownloader.gui.views.linkgrabber.quickfilter.FilterTableModel$3":100,"WIDTH_COL_ExtTextColumn.org.jdownloader.gui.views.linkgrabber.quickfilter.FilterTableModel$1":18,"VISABLE_COL_ExtLongColumn.org.jdownloader.gui.views.linkgrabber.quickfilter.FilterTableModel$2":true,"WIDTH_COL_ExtLongColumn.org.jdownloader.gui.views.linkgrabber.quickfilter.FilterTableModel$2":56,"POS_COL_2":"","SORTCOLUMN":"ExtTextColumn.org.jdownloader.gui.views.linkgrabber.quickfilter.FilterTableModel$3","POS_COL_3":""}