{"VISABLE_COL_ExtTextColumn.org.jdownloader.gui.views.components.packagetable.columns.FileTypeColumn":false,"WIDTH_COL_ExtTextColumn.org.jdownloader.gui.views.downloads.columns.FileColumn":581,"VISABLE_COL_ExtColumn.org.jdownloader.gui.views.downloads.columns.HosterColumn":true,"POS_COL_18":"","WIDTH_COL_ExtComboColumn.org.jdownloader.gui.views.linkgrabber.columns.VariantColumn":100,"VISABLE_COL_ExtTextColumn.org.jdownloader.gui.views.linkgrabber.columns.PartColumn":false,"WIDTH_COL_ExtColumn.org.jdownloader.gui.views.downloads.columns.FileSizeColumn":70,"POS_COL_17":"","WIDTH_COL_ExtIconColumn.org.jdownloader.gui.views.components.packagetable.columns.HasCaptchaColumn":22,"POS_COL_19":"","SORT_ORDER_ID":null,"WIDTH_COL_ExtDateColumn.org.jdownloader.gui.views.downloads.columns.ModifiedDateColumn":95,"VISABLE_COL_AvailabilityColumn.org.jdownloader.gui.views.linkgrabber.LinkGrabberTableModel$1":true,"WIDTH_COL_ExtColumn.org.jdownloader.gui.views.downloads.columns.SizeColumn":90,"VISABLE_COL_ExtDateColumn.org.jdownloader.gui.views.downloads.columns.ModifiedDateColumn":false,"VISABLE_COL_ExtComboColumn.org.jdownloader.gui.views.downloads.columns.PriorityColumn":false,"VISABLE_COL_ExtTextColumn.org.jdownloader.gui.views.components.packagetable.columns.DownloadPasswordColumn":false,"WIDTH_COL_ExtIconColumn.org.jdownloader.gui.views.downloads.columns.EnabledDisabledColumn":22,"WIDTH_COL_ExtComboColumn.org.jdownloader.gui.views.downloads.columns.PriorityColumn":35,"POS_COL_14":"","WIDTH_COL_ExtColumn.org.jdownloader.gui.views.downloads.columns.HosterColumn":83,"POS_COL_13":"","POS_COL_16":"","VISABLE_COL_ExtColumn.org.jdownloader.gui.views.downloads.columns.SizeColumn":true,"POS_COL_15":"","ColumnWidthLocked_ExtTextColumn.org.jdownloader.gui.views.downloads.columns.FileColumn":false,"POS_COL_10":"","POS_COL_12":"","SORTCOLUMN":null,"POS_COL_11":"","VISABLE_COL_ExtComboColumn.org.jdownloader.gui.views.linkgrabber.columns.VariantColumn":true,"VISABLE_COL_ExtIconColumn.org.jdownloader.gui.views.components.packagetable.columns.HasCaptchaColumn":false,"WIDTH_COL_ExtTextColumn.org.jdownloader.gui.views.components.packagetable.columns.DownloadPasswordColumn":100,"VISABLE_COL_ExtTextColumn.org.jdownloader.gui.views.components.packagetable.columns.ChecksumColumn":false,"WIDTH_COL_ExtTextColumn.org.jdownloader.gui.views.downloads.columns.IndexColumn":22,"POS_COL_0":"","POS_COL_1":"","WIDTH_COL_ExtTextColumn.org.jdownloader.gui.views.linkgrabber.columns.DownloadFolderColumn":458,"VISABLE_COL_ExtTextColumn.org.jdownloader.gui.views.linkgrabber.columns.UrlColumn":false,"WIDTH_COL_ExtTextColumn.org.jdownloader.gui.views.linkgrabber.columns.PartColumn":75,"POS_COL_8":"","ColumnWidthLocked_ExtColumn.org.jdownloader.gui.views.downloads.columns.SizeColumn":true,"POS_COL_9":"","VISABLE_COL_ExtIconColumn.org.jdownloader.gui.views.downloads.columns.EnabledDisabledColumn":false,"POS_COL_6":"","POS_COL_7":"","POS_COL_4":"","POS_COL_5":"","POS_COL_2":"","VISABLE_COL_ExtTextColumn.org.jdownloader.gui.views.linkgrabber.columns.DownloadFolderColumn":true,"POS_COL_3":"","ColumnWidthLocked_AvailabilityColumn.org.jdownloader.gui.views.linkgrabber.LinkGrabberTableModel$1":true,"VISABLE_COL_ExtColumn.org.jdownloader.gui.views.downloads.columns.FileSizeColumn":false,"VISABLE_COL_CommentColumn.org.jdownloader.gui.views.linkgrabber.LinkGrabberTableModel$2":false,"WIDTH_COL_ExtColumn.org.jdownloader.gui.views.downloads.columns.FileCountColumn":70,"WIDTH_COL_CommentColumn.org.jdownloader.gui.views.linkgrabber.LinkGrabberTableModel$2":100,"WIDTH_COL_ExtTextColumn.org.jdownloader.gui.views.components.packagetable.columns.FileTypeColumn":100,"VISABLE_COL_ExtDateColumn.org.jdownloader.gui.views.downloads.columns.AddedDateColumn":false,"WIDTH_COL_ExtTextColumn.org.jdownloader.gui.views.linkgrabber.columns.UrlColumn":100,"WIDTH_COL_ExtTextColumn.org.jdownloader.gui.views.components.packagetable.columns.ChecksumColumn":100,"VISABLE_COL_ExtColumn.org.jdownloader.gui.views.downloads.columns.FileCountColumn":false,"WIDTH_COL_ExtDateColumn.org.jdownloader.gui.views.downloads.columns.AddedDateColumn":95,"ColumnWidthLocked_ExtColumn.org.jdownloader.gui.views.downloads.columns.HosterColumn":true,"VISABLE_COL_ExtTextColumn.org.jdownloader.gui.views.downloads.columns.FileColumn":true,"WIDTH_COL_AvailabilityColumn.org.jdownloader.gui.views.linkgrabber.LinkGrabberTableModel$1":100,"VISABLE_COL_ExtTextColumn.org.jdownloader.gui.views.downloads.columns.IndexColumn":false,"ColumnWidthLocked_ExtTextColumn.org.jdownloader.gui.views.linkgrabber.columns.DownloadFolderColumn":false}