{"VISABLE_COL_ExtTextAreaColumn.jd.gui.swing.jdgui.views.settings.panels.urlordertable.UrlOrderTableModel$3":true,"POS_COL_0":"","POS_COL_1":"","SORT_ORDER_ID":null,"WIDTH_COL_ExtTextAreaColumn.jd.gui.swing.jdgui.views.settings.panels.urlordertable.UrlOrderTableModel$3":140,"VISABLE_COL_ExtCheckColumn.jd.gui.swing.jdgui.views.settings.panels.urlordertable.UrlOrderTableModel$2":true,"POS_COL_2":"","SORTCOLUMN":null,"WIDTH_COL_ExtCheckColumn.jd.gui.swing.jdgui.views.settings.panels.urlordertable.UrlOrderTableModel$2":100,"WIDTH_COL_ExtTextAreaColumn.jd.gui.swing.jdgui.views.settings.panels.urlordertable.UrlOrderTableModel$4":100,"VISABLE_COL_ExtTextAreaColumn.jd.gui.swing.jdgui.views.settings.panels.urlordertable.UrlOrderTableModel$4":true}