{"VISABLE_COL_CaptchaOrderTable.timeoutbutton3":true,"ColumnWidthLocked_CaptchaOrderTable.editButton2":false,"SORT_ORDER_ID":null,"WIDTH_COL_ExtCheckColumn.jd.gui.swing.jdgui.views.settings.panels.anticaptcha.SolverOrderTableModel$2":100,"POS_COL_0":"","ColumnWidthLocked_ExtTextColumn.jd.gui.swing.jdgui.views.settings.panels.anticaptcha.SolverOrderTableModel$4":false,"POS_COL_1":"","ColumnWidthLocked_ExtTextColumn.jd.gui.swing.jdgui.views.settings.panels.anticaptcha.SolverOrderTableModel$3":false,"WIDTH_COL_CaptchaOrderTable.editButton2":100,"VISABLE_COL_CaptchaOrderTable.editButton2":true,"WIDTH_COL_CaptchaOrderTable.timeoutbutton3":3,"ColumnWidthLocked_CaptchaOrderTable.timeoutbutton3":false,"WIDTH_COL_ExtTextColumn.jd.gui.swing.jdgui.views.settings.panels.anticaptcha.SolverOrderTableModel$4":300,"WIDTH_COL_ExtTextColumn.jd.gui.swing.jdgui.views.settings.panels.anticaptcha.SolverOrderTableModel$3":100,"ColumnWidthLocked_ExtCheckColumn.jd.gui.swing.jdgui.views.settings.panels.anticaptcha.SolverOrderTableModel$2":false,"VISABLE_COL_ExtTextColumn.jd.gui.swing.jdgui.views.settings.panels.anticaptcha.SolverOrderTableModel$4":true,"POS_COL_4":"","VISABLE_COL_ExtCheckColumn.jd.gui.swing.jdgui.views.settings.panels.anticaptcha.SolverOrderTableModel$2":true,"POS_COL_2":"","SORTCOLUMN":null,"VISABLE_COL_ExtTextColumn.jd.gui.swing.jdgui.views.settings.panels.anticaptcha.SolverOrderTableModel$3":true,"POS_COL_3":""}