{"VISABLE_COL_ExtComponentColumn.org.jdownloader.extensions.extraction.gui.ExtractorProgress$1$1":true,"WIDTH_COL_ExtComponentColumn.org.jdownloader.extensions.extraction.gui.ExtractorProgress$1$1":25,"VISABLE_COL_ExtTextColumn.org.jdownloader.extensions.extraction.gui.ExtractionJobTableModel$1":true,"SORT_ORDER_ID":null,"VISABLE_COL_ExtTextColumn.org.jdownloader.extensions.extraction.gui.ExtractionJobTableModel$2":true,"WIDTH_COL_ExtTextColumn.org.jdownloader.extensions.extraction.gui.ExtractionJobTableModel$2":150,"WIDTH_COL_ExtTextColumn.org.jdownloader.extensions.extraction.gui.ExtractionJobTableModel$1":200,"POS_COL_0":"","POS_COL_1":"","VISABLE_COL_ExtCircleProgressColumn.org.jdownloader.extensions.extraction.gui.ExtractionJobTableModel$3":true,"WIDTH_COL_ExtCircleProgressColumn.org.jdownloader.extensions.extraction.gui.ExtractionJobTableModel$3":80,"POS_COL_2":"","SORTCOLUMN":"ExtCircleProgressColumn.org.jdownloader.extensions.extraction.gui.ExtractionJobTableModel$3","POS_COL_3":""}