{
 "data" : {
           "RememberRelativeDialogLocator-org.jdownloader.updatev2.UpdateController-dffcaa73f651f280c1123b468dd5f0da"             : {
                                                                                                                                     "extendedState" : null,
                                                                                                                                     "lastAccess"    : 1763630544879,
                                                                                                                                     "type"          : null,
                                                                                                                                     "x"             : 0,
                                                                                                                                     "y"             : 0,
                                                                                                                                     "valid"         : false
                                                                                                                                    },
           "RememberAbsoluteLocator-UpdaterFrame"                                                                                 : {
                                                                                                                                     "extendedState" : "NORMAL",
                                                                                                                                     "lastAccess"    : 1763630553783,
                                                                                                                                     "type"          : "absolute",
                                                                                                                                     "x"             : 545,
                                                                                                                                     "y"             : 416,
                                                                                                                                     "valid"         : true
                                                                                                                                    },
           "RememberRelativeDialogLocator-org.jdownloader.gui.helpdialogs.HelpDialog-555c60a4c3ccb70c85b5156338356d99"            : {
                                                                                                                                     "extendedState" : null,
                                                                                                                                     "lastAccess"    : 1763630523573,
                                                                                                                                     "type"          : null,
                                                                                                                                     "x"             : 0,
                                                                                                                                     "y"             : 0,
                                                                                                                                     "valid"         : false
                                                                                                                                    },
           "RememberRelativeDialogLocator-org.appwork.utils.swing.dialog.ExtFileChooserDialog-760ae605d078536be55f66b7675aa95a"   : {
                                                                                                                                     "extendedState" : null,
                                                                                                                                     "lastAccess"    : 1763630740267,
                                                                                                                                     "type"          : null,
                                                                                                                                     "x"             : 0,
                                                                                                                                     "y"             : 0,
                                                                                                                                     "valid"         : false
                                                                                                                                    },
           "RememberRelativeDialogLocator-org.appwork.utils.swing.dialog.ConfirmDialog-877f0f1d3b8967e0ab8613fe3a99e3d6"          : {
                                                                                                                                     "extendedState" : null,
                                                                                                                                     "lastAccess"    : 1763630539363,
                                                                                                                                     "type"          : null,
                                                                                                                                     "x"             : 0,
                                                                                                                                     "y"             : 0,
                                                                                                                                     "valid"         : false
                                                                                                                                    },
           "RememberRelativeDialogLocator-org.appwork.utils.swing.dialog.ExceptionDialog-902b0d55fddef6f8d651fe1035b7d4bd"        : {
                                                                                                                                     "extendedState" : null,
                                                                                                                                     "lastAccess"    : 1763630474007,
                                                                                                                                     "type"          : null,
                                                                                                                                     "x"             : 0,
                                                                                                                                     "y"             : 0,
                                                                                                                                     "valid"         : false
                                                                                                                                    },
           "RememberRelativeDialogLocator-org.appwork.utils.swing.dialog.ConfirmDialog-51cfbcff36da74a9fc47f3a5140f99f2"          : {
                                                                                                                                     "extendedState" : null,
                                                                                                                                     "lastAccess"    : 1763630738477,
                                                                                                                                     "type"          : null,
                                                                                                                                     "x"             : 0,
                                                                                                                                     "y"             : 0,
                                                                                                                                     "valid"         : false
                                                                                                                                    },
           "RememberLastDimensor-ExtFileChooserDialog"                                                                            : {
                                                                                                                                     "extendedState" : null,
                                                                                                                                     "lastAccess"    : 1763630800967,
                                                                                                                                     "type"          : null,
                                                                                                                                     "x"             : 617,
                                                                                                                                     "y"             : 397,
                                                                                                                                     "valid"         : true
                                                                                                                                    },
           "RememberRelativeLocator-Updater"                                                                                      : {
                                                                                                                                     "extendedState" : "NORMAL",
                                                                                                                                     "lastAccess"    : 1763630541845,
                                                                                                                                     "type"          : "relative",
                                                                                                                                     "x"             : 536,
                                                                                                                                     "y"             : 369,
                                                                                                                                     "valid"         : true
                                                                                                                                    },
           "RememberRelativeDialogLocator-org.jdownloader.settings.advanced.AdvancedConfigEntry-13e8e02321247844da22da7e2757b9d1" : {
                                                                                                                                     "extendedState" : null,
                                                                                                                                     "lastAccess"    : 1763630541918,
                                                                                                                                     "type"          : null,
                                                                                                                                     "x"             : 0,
                                                                                                                                     "y"             : 0,
                                                                                                                                     "valid"         : false
                                                                                                                                    }
          }
}