{"countdownforinstallupdatesonexitbubble":10000,"autohideguiiftherearenoupdatesenabled":false,"proxydialogonnoconnectionenabled":true,"selftestwritetimeout":60000,"lastsuccessfulconnection":1763630666508,"updateinterval":600000,"autohideguiifsilentupdateswereinstalledenabled":false,"doaskmebeforeinstallinganupdateenabled":false,"build":"","jardiffenabled":true,"updateguialwaysontop":true,"installupdatesonexitenabled":true,"doaskbeforedownloadinganupdate":false,"installupdatessilentlyifpossibleenabled":true,"autoupdatecheckenabled":true,"installupdatesonexitpanelvisible":true,"selftestpolltimeout":60000}