{"maxsimultanedownloadsperhost":1,"delaywritemode":"AUTO","iffileexistsaction":"ASK_FOR_EACH_FILE","dupemanagerenabled":true,"forcemirrordetectioncaseinsensitive":true,"autoopencontainerafterdownload":true,"preferbouncycastlefortls":false,"autostartdownloadoption":"ONLY_IF_EXIT_WITH_RUNNING_DOWNLOADS","maxsimultanedownloads":3,"pausespeed":10240,"defaultdownloadfolder":"/home/vizen/Downloads","downloadspeedlimitrememberedenabled":true,"closedwithrunningdownloads":false,"autostartcountdownseconds":10,"maxdownloadsperhostenabled":false,"maxchunksperfile":1,"showcountdownonautostartdownloads":true,"savelinkgrabberlistenabled":true,"onskipduetoalreadyexistsaction":"SKIP_FILE","hashretryenabled":false,"convertrelativepathsjdroot":true,"keepxoldlists":5,"useavailableaccounts":true,"cleanupafterdownloadaction":"NEVER","hashcheckenabled":true,"downloadspeedlimitenabled":false,"downloadspeedlimit":51200}