{"overviewpaneldownloadlinksfailedcountvisible":false,"horizontalscrollbarsindownloadtableenabled":false,"overviewpaneldownloadrunningdownloadscountvisible":true,"downloadview":"ALL","linkpropertiespaneldownloadpasswordvisible":true,"speedmetervisible":true,"overviewpaneldownloadpackagecountvisible":true,"datetimeformataccountmanagerexpiredatecolumn":null,"password":"","linkpropertiespanelfilenamevisible":true,"titlepattern":"|#TITLE|| - #SPEED/s|| - #UPDATENOTIFY|","filterhighlightenabled":true,"overviewpaneltotalinfovisible":true,"linkpropertiespanelchecksumvisible":true,"downloadspropertiespanelsavetovisible":true,"packagesbackgroundhighlightenabled":true,"overviewpaneldownloadlinkcountvisible":true,"downloadspropertiespanelpackagenamevisible":true,"newdialogframestate":"TO_FRONT","overviewpaneldownloadlinksfinishedcountvisible":false,"datetimeformatdownloadlistaddeddatecolumn":null,"overviewpanelsmartinfovisible":true,"availablecolumntextvisible":false,"overviewpaneldownloadbytesremainingvisible":true,"bannerenabled":true,"showfullhostname":false,"overviewpanellinkgrabberstatusonlinevisible":true,"linkpropertiespanelcommentvisible":true,"clipboardmonitored":true,"donatebuttonstate":"AUTO_VISIBLE","filecountinsizecolumnvisible":true,"clipboardskipmode":"ON_STARTUP","downloadstablerefreshinterval":1000,"overviewpaneldownloadpanelincludedisabledlinks":true,"datetimeformatdownloadlistmodifieddatecolumn":null,"tablewraparoundenabled":true,"tooltipenabled":true,"statusbaraddpremiumbuttonvisible":true,"captchadialogborderaroundimageenabled":true,"tablemouseoverhighlightenabled":true,"linkpropertiespanelsavetovisible":true,"overviewpanellinkgrabberlinkscountvisible":true,"clipboardmonitorprocesshtmlflavor":true,"overviewpanelselectedinfovisible":true,"linkpropertiespaneldownloadfromvisible":false,"sortcolumnhighlightenabled":true,"colorediconsfordisabledhostercolumnenabled":true,"premiumalertspeedcolumnenabled":true,"downloadspropertiespanelcommentvisible":true,"overviewpaneldownloadtotalbytesvisible":true,"overviewpanellinkgrabberpackagecountvisible":true,"datetimeformatdownloadlistfinisheddatecolumn":null,"linkgrabbertabpropertiespanelvisible":true,"configviewvisible":true,"downloadstabpropertiespanelvisible":true,"selecteddownloadsearchcategory":"FILENAME","overviewpaneldownloadetavisible":true,"savedownloadviewcrosssessionenabled":false,"overviewpanellinkgrabberstatusunknownvisible":true,"myjdownloaderviewvisible":false,"downloadspropertiespanelchecksumvisible":true,"downloadspropertiespanelfilenamevisible":false,"speedmetertimeframe":30000,"mainwindowalwaysontop":false,"overviewpaneldownloadconnectionsvisible":true,"helpdialogsenabled":true,"lookandfeeltheme":"FLATLAF_DARK","linkpropertiespanelarchivepasswordvisible":true,"horizontalscrollbarsinlinkgrabbertableenabled":false,"downloadspropertiespaneldownloadfromvisible":false,"overviewpanellinkgrabberstatusofflinevisible":true,"activeconfigpanel":"jd.gui.swing.jdgui.views.settings.panels.advanced.AdvancedSettings","balloonnotificationenabled":true,"donationnotifyid":null,"speedmeterframespersecond":4,"linkpropertiespanelpackagenamevisible":true,"passwordprotectionenabled":false,"overviewpaneldownloadspeedvisible":true,"premiumstatusbardisplay":"GROUP_BY_ACCOUNT_TYPE","maxsizeunit":"TiB","downloadpaneloverviewsettingsvisible":false,"tooltipdelay":2000,"overviewpaneldownloadbytesloadedvisible":true,"speedinwindowtitle":"WHEN_WINDOW_IS_MINIMIZED","overviewpanellinkgrabbertotalbytesvisible":true,"selectedlinkgrabbersearchcategory":"FILENAME","downloadtaboverviewvisible":true,"rlywarnlevel":"NORMAL","overviewpanellinkgrabberhostercountvisible":true,"downloadspropertiespaneldownloadpasswordvisible":true,"dialogdefaulttimeoutinms":20000,"hidesinglechildpackages":false,"linkgrabberbottombarposition":"SOUTH","linkgrabbertaboverviewvisible":true,"overviewpaneldownloadlinksskippedcountvisible":false,"customlookandfeelclass":null,"updatebuttonflashingenabled":true,"overviewpanelvisibleonlyinfovisible":true,"linkgrabbersidebarvisible":true,"downloadspropertiespanelarchivepasswordvisible":true}