{"bubblenotifyenabledstate":"JD_NOT_ACTIVE","bubblenotifyonnewlinkgrabberlinksenabled":true,"defaulttimeout":15000,"screenid":"\\Display9999","bubblenotifyonnewlinkgrabberlinkson":"LINK","bubblenotifyonupdateavailableenabled":true,"bubblenotifyenabledduringsilentmode":false,"fadeanimationduration":900,"bubblenotifystartpausestopenabled":true,"bubblenotifyonnewlinkgrabberlinksendnotifydelay":15000,"bubblenotifyonreconnectstartenabled":true,"animationstartpositionanchor":"SYSTEM_DEFAULT","animationendpositionanchor":"SYSTEM_DEFAULT","bubblenotifystartstopdownloadsenabled":false,"finalpositionanchor":"SYSTEM_DEFAULT","bubblenotifyoncaptchainbackgroundenabled":true,"bubblenotifyoncontainerloadedenabled":true}