[{"accept":true,"conditionFilter":{"conditions":null,"matchType":"IS_TRUE","enabled":false},"created":1763630664069,"filenameFilter":{"matchType":"CONTAINS","regex":null,"useRegex":false,"enabled":false},"filesizeFilter":{"from":0,"matchType":"BETWEEN","to":0,"enabled":false},"filetypeFilter":{"customs":null,"matchType":"IS","archivesEnabled":false,"audioFilesEnabled":false,"docFilesEnabled":false,"exeFilesEnabled":false,"hashEnabled":false,"imagesEnabled":false,"subFilesEnabled":false,"useRegex":false,"videoFilesEnabled":false,"enabled":false},"hosterURLFilter":{"matchType":"CONTAINS","regex":null,"useRegex":false,"enabled":false},"iconKey":"download","id":"DirectHTTPView","matchAlwaysFilter":{"enabled":false},"name":"Direct HTTP","onlineStatusFilter":{"matchType":"IS","onlineStatus":"OFFLINE","enabled":false},"originFilter":{"matchType":"IS","origins":null,"enabled":false},"packagenameFilter":{"matchType":"CONTAINS","regex":null,"useRegex":false,"enabled":false},"pluginStatusFilter":{"matchType":"ISNOT","pluginStatus":"NO_DIRECT_HTTP","enabled":true},"sourceURLFilter":{"matchType":"CONTAINS","regex":null,"useRegex":false,"enabled":false},"testUrl":null,"enabled":false,"staticRule":true},{"accept":true,"conditionFilter":{"conditions":null,"matchType":"IS_TRUE","enabled":false},"created":1763630664073,"filenameFilter":{"matchType":"CONTAINS","regex":null,"useRegex":false,"enabled":false},"filesizeFilter":{"from":0,"matchType":"BETWEEN","to":0,"enabled":false},"filetypeFilter":{"customs":null,"matchType":"IS","archivesEnabled":false,"audioFilesEnabled":false,"docFilesEnabled":false,"exeFilesEnabled":false,"hashEnabled":false,"imagesEnabled":false,"subFilesEnabled":false,"useRegex":false,"videoFilesEnabled":false,"enabled":false},"hosterURLFilter":{"matchType":"CONTAINS","regex":null,"useRegex":false,"enabled":false},"iconKey":"error","id":"OfflineView","matchAlwaysFilter":{"enabled":false},"name":"Offline Files","onlineStatusFilter":{"matchType":"IS","onlineStatus":"OFFLINE","enabled":true},"originFilter":{"matchType":"IS","origins":null,"enabled":false},"packagenameFilter":{"matchType":"CONTAINS","regex":null,"useRegex":false,"enabled":false},"pluginStatusFilter":{"matchType":"IS","pluginStatus":"PREMIUM","enabled":false},"sourceURLFilter":{"matchType":"CONTAINS","regex":null,"useRegex":false,"enabled":false},"testUrl":null,"enabled":true,"staticRule":true},{"accept":true,"conditionFilter":{"conditions":["DOWNLOAD_LIST_DUPE"],"matchType":"IS_TRUE","enabled":true},"created":1763630664076,"filenameFilter":{"matchType":"CONTAINS","regex":null,"useRegex":false,"enabled":false},"filesizeFilter":{"from":0,"matchType":"BETWEEN","to":0,"enabled":false},"filetypeFilter":{"customs":null,"matchType":"IS","archivesEnabled":false,"audioFilesEnabled":false,"docFilesEnabled":false,"exeFilesEnabled":false,"hashEnabled":false,"imagesEnabled":false,"subFilesEnabled":false,"useRegex":false,"videoFilesEnabled":false,"enabled":false},"hosterURLFilter":{"matchType":"CONTAINS","regex":null,"useRegex":false,"enabled":false},"iconKey":"copy","id":"DupesView","matchAlwaysFilter":{"enabled":false},"name":"Already in Downloadlist","onlineStatusFilter":{"matchType":"IS","onlineStatus":"OFFLINE","enabled":false},"originFilter":{"matchType":"IS","origins":null,"enabled":false},"packagenameFilter":{"matchType":"CONTAINS","regex":null,"useRegex":false,"enabled":false},"pluginStatusFilter":{"matchType":"IS","pluginStatus":"PREMIUM","enabled":false},"sourceURLFilter":{"matchType":"CONTAINS","regex":null,"useRegex":false,"enabled":false},"testUrl":null,"enabled":true,"staticRule":true}]