{
  "customtablerowheight": 24,
  "textantialiasenabled": true,
  "speedmeterantialiasingenabled": true,
  "tablealternaterowhighlightenabled": false,
  "configlabelenabledtextcolor": "#ffffffff",
  "colorfortableselectedrowsforeground": "#ffffffff",
  "colorforconfigheadertextcolor": "#ffffffff",
  "colorfortablepackagerowbackground": "#ff212121",
  "colorforerrorforeground": "#fff07178",
  "colorforlinkgrabberdupehighlighter": "#33f07178",
  "colorforspeedmetercurrentbottom": "#ccc3e88d",
  "colorfortablemouseoverrowforeground": "#ffffffff",
  "configlabeldisabledtextcolor": "#ff545454",
  "colorforscrollbarsmouseoverstate": "#ff2d2e2e",
  "colorforpanelbackground": "#ff212121",
  "colorforspeedmeterlimitertop": "#ccf07178",
  "colorfortablesortedcolumnview": "#ffebebeb",
  "colorforpanelheaderbackground": "#ff212121",
  "colorforspeedmeterlimiterbottom": "#00f07178",
  "colorforpanelheaderforeground": "#ffffffff",
  "colorforconfigpaneldescriptiontext": "#ffffffff",
  "colorfortablerowgap": "#ff353535",
  "colorfortablepackagerowforeground": "#ffffffff",
  "colorforspeedmetercurrenttop": "#20c3e88d",
  "colorfortablemouseoverrowbackground": "#ff1a1a1a",
  "colorfortableselectedrowsbackground": "#ff1a1a1a",
  "colorforscrollbarsnormalstate": "#ff3c3e3e",
  "colorforprogressbarforeground1": "#5f2979ff",
  "colorforspeedmeteraverage": "#ffc3e88d",
  "colorforprogressbarforeground2": "#5f2979ff",
  "colorfortablefilteredview": "#ffc3e88d",
  "colorforprogressbarforeground3": "#802979ff",
  "colorfortooltipforeground": "#ffffffff",
  "colorfortableaccounterrorrowbackground": "#7ff07178",
  "colorforprogressbarforeground4": "#5f2979ff",
  "colorforspeedmeteraveragetext": "#ffffffff",
  "colorfortableaccounttemperrorrowbackground": "#7fffcb6b",
  "colorforprogressbarforeground5": "#5f2979ff",
  "colorfortablealternaterowforeground": "#ffffffff",
  "colorfortableaccounttemperrorrowforeground": "#ffffffff",
  "colorforpanelborders": "#ff353535",
  "colorforspeedmetertext": "#ffffffff",
  "colorfortablealternaterowbackground": "#ff1b1b1b",
  "colorfortableaccounterrorrowforeground": "#ffffffff",
  "windowdecorationenabled": true
}
